{
  "project_info": {
    "project_number": "747734698877",
    "firebase_url": "https://smartbuddylayouts-79203.firebaseio.com",
    "project_id": "smartbuddylayouts-79203",
    "storage_bucket": "smartbuddylayouts-79203.appspot.com"
  },
  "client": [
    {
      "client_info": {
        "mobilesdk_app_id": "1:747734698877:android:5692c45a7ee0db99811a14",
        "android_client_info": {
          "package_name": "com.menal.smartbuddylayouts"
        }
      },
      "oauth_client": [
        {
          "client_id": "747734698877-jft2560a0b3q98u1uu4d64a0s555s92a.apps.googleusercontent.com",
          "client_type": 1,
          "android_info": {
            "package_name": "com.menal.smartbuddylayouts",
            "certificate_hash": "b125312dde1ba3fa0d0d9cf6264f7de431c76caa"
          }
        },
        {
          "client_id": "747734698877-61sluhmevlepkvl7b045t8r2fqamspr8.apps.googleusercontent.com",
          "client_type": 3
        }
      ],
      "api_key": [
        {
          "current_key": "AIzaSyAKDK8MXczvsGZGvg7fp0op0p8cvfGTqLQ"
        }
      ],
      "services": {
        "appinvite_service": {
          "other_platform_oauth_client": [
            {
              "client_id": "747734698877-61sluhmevlepkvl7b045t8r2fqamspr8.apps.googleusercontent.com",
              "client_type": 3
            }
          ]
        }
      }
    }
  ],
  "configuration_version": "1"
}