{
  "project_info": {
    "project_number": "275398433519",
    "firebase_url": "https://video-module-fc721.firebaseio.com",
    "project_id": "video-module-fc721",
    "storage_bucket": "video-module-fc721.appspot.com"
  },
  "client": [
    {
      "client_info": {
        "mobilesdk_app_id": "1:275398433519:android:7ba852b5719bfc3e4b991a",
        "android_client_info": {
          "package_name": "com.example.videocall"
        }
      },
      "oauth_client": [
        {
          "client_id": "275398433519-3u8ov8vgl6v0gko93jnhht7k3179th7c.apps.googleusercontent.com",
          "client_type": 3
        }
      ],
      "api_key": [
        {
          "current_key": "AIzaSyDEY00qRC9yKGTBE9qZ9Zp-TgIXTLsZWIU"
        }
      ],
      "services": {
        "appinvite_service": {
          "other_platform_oauth_client": [
            {
              "client_id": "275398433519-3u8ov8vgl6v0gko93jnhht7k3179th7c.apps.googleusercontent.com",
              "client_type": 3
            }
          ]
        }
      }
    }
  ],
  "configuration_version": "1"
}