{
  "project_info": {
    "project_number": "589042542287",
    "firebase_url": "https://fypsmartbuddy.firebaseio.com",
    "project_id": "fypsmartbuddy",
    "storage_bucket": "fypsmartbuddy.appspot.com"
  },
  "client": [
    {
      "client_info": {
        "mobilesdk_app_id": "1:589042542287:android:cd38bd5da1e76ca239b9ba",
        "android_client_info": {
          "package_name": "com.menal.smartbuddyfyp1"
        }
      },
      "oauth_client": [
        {
          "client_id": "589042542287-7ud9rbhu2kkh51a7kvetioj9crm8cvol.apps.googleusercontent.com",
          "client_type": 1,
          "android_info": {
            "package_name": "com.menal.smartbuddyfyp1",
            "certificate_hash": "9fa3fbfa4bffaba3fc4b39f9d08c0921f2ed6ae7"
          }
        },
        {
          "client_id": "589042542287-maf22k4s7hc8afvma46u4q1034ntjqoo.apps.googleusercontent.com",
          "client_type": 3
        }
      ],
      "api_key": [
        {
          "current_key": "AIzaSyDub0PjIn7Zop5LSY0tZk6027c-t34eI3o"
        }
      ],
      "services": {
        "appinvite_service": {
          "other_platform_oauth_client": [
            {
              "client_id": "589042542287-maf22k4s7hc8afvma46u4q1034ntjqoo.apps.googleusercontent.com",
              "client_type": 3
            }
          ]
        }
      }
    }
  ],
  "configuration_version": "1"
}